Gender,City,EmailAddress,Username,Age,Password,TelephoneNumber,ZipCode
female,New York,BettyDStpierre@rhyta.com,Beciond78,43,Chat5aiyahx,646-327-7402,10013
female,New York,KimberlyRStewart@einrot.com,Bacracks,43,fie5Sheex5k,917-885-8005,10013
female,New York,AliceJBaize@gustr.com,Willocip,49,Thua4Ophei,845-480-3782,10019
female,Long Island City,MargueriteRReeves@superrito.com,Nersese,62,OoNgie4chae,646-786-9004,11101
male,Lynbrook,ToddEHarrell@fleckens.hu,Balle1974,47,iinoox8ku8Oh,516-825-7417,11563
male,Westbury,MarkKGolden@superrito.com,Emid1936,85,eeD2Eishei,914-396-1219,11590
female,Levittown,NancyRSmith@cuvox.de,Sulard,47,iF4Yoo1ae,631-441-4026,11756
female,Riverhead,GuillerminaSPomeroy@jourrapide.com,Prier1950,72,queej3Ich,631-722-5679,11901
female,Homer,WillieJPeeples@jourrapide.com,Dialin,79,she0Wuuph,607-749-2467,13077
male,Liverpool,GregNKea@cuvox.de,Oulds1994,27,aiheeLee0t,315-278-7003,13088
male,Utica,JamesBPierce@einrot.com,Tiquitim,62,Shae6quai,315-812-7383,13502
male,Buffalo,AndrewRReyes@cuvox.de,Mignamem,76,OJie8eezil8,716-952-9098,14202
male,Cheektowaga,JamesJPalacios@armyspy.com,Ligagmer,42,emoR1ieHed8,716-994-6254,14227
female,Fairport,MichelleIBartlett@rhyta.com,Propeas,50,Yi1eghaiF,585-425-5232,14450
female,Rochester,AmandaDHale@rhyta.com,Farinell,29,Uxaeco3oopi,585-966-7353,14608
female,Bensalem,SusieAKorman@teleworm.us,Fortand,41,PeiChoo4ohH,610-339-9199,19020
male,Philadelphia,SamuelGTurner@cuvox.de,Becouly,41,chei4fueKae,215-837-2323,19104
female,Eagleville,MarthaDVillanueva@einrot.com,Oney1977,45,Sohrohsa7,610-864-5439,19403
female,Phoenixville,PearlCPrice@gustr.com,Himagettery1971,50,Eo6uqu2ail,610-933-4007,19460
male,New Castle,EddieJSeger@fleckens.hu,Gribetwouter,33,aemieY0Hoh,484-459-2398,19720
male,Seaford,BrianDRobbins@einrot.com,Hieving,49,ohBohhu9yei,302-628-3997,19973
female,Washington,MariaMRollins@jourrapide.com,Beepon,45,saWobah1hae,202-252-9018,20024
female,Annapolis Junction,JessieEGean@jourrapide.com,Cattesidn,71,Iefeef3oo,703-300-2873,20701
male,Laurel,RussellCArroyo@superrito.com,Offervers97,24,QuaiphooM3osh,301-976-7384,20707
female,Laurel,NancyPStonge@einrot.com,Warot1950,71,phae0Aejooch,301-725-7101,20707
female,Hanover,EdnaEPellegrino@dayrep.com,Hiche1963,58,yaish0Ou,443-975-5731,21076
female,Baltimore,JenniferPCostantino@armyspy.com,Drigatured,37,dij1cheiCh,443-267-8958,21201
female,Elkridge,CeciliaPTorres@dayrep.com,Busequithe,58,oowohLee5le,410-379-8824,21227
female,Herndon,StacieHGranata@jourrapide.com,Theim1959,62,tohz5zie1Eex,240-450-5114,22070
male,Charlottesville,FernandoTGarrett@cuvox.de,Seepince,80,Hah3paiNg,434-205-0183,22903
female,Renan,HeatherWBoivin@cuvox.de,Hortudy,31,aepi4ma6Eeng,434-335-3536,24557
female,Greensboro,TameikaRKendall@einrot.com,Mact2003,19,xe4Chovee,336-561-3340,27406
male,Raleigh,DerekLSmith@gustr.com,Gothys,75,zi9Chaev3u,919-649-2960,27609
female,Halifax,MabelAHanley@superrito.com,Spoed1983,38,air5Iar1um,252-583-8775,27839
male,China Grove,RobertHAustin@dayrep.com,Freples55,66,mao7Eiy5Gei,704-856-6583,28023
male,Charlotte,JohnnyGGoldman@fleckens.hu,Foelonemse69,52,AhGohh6Phoh,704-997-1344,28202
female,Fayetteville,HollyBBigler@armyspy.com,Deping,72,EiWo9Uew,910-488-7748,28301
female,Asheville,BettyAHoagland@rhyta.com,Coond1966,55,Shei8ohm5iey,828-734-5043,28801
female,Columbia,MariaJCarter@armyspy.com,Fambeephyal,47,toow2ooNgah,803-743-8075,29206
male,Greenville,ClementeDGutierrez@cuvox.de,Odevidis,34,Shie1Ieg,864-355-0035,29601
male,Piedmont,WaldoPMellen@dayrep.com,Bargeres,28,Tei5Jaek,864-608-8920,29673
female,North Augusta,KimberlyHPacker@dayrep.com,Afts1945,76,iacaeB1Wae,803-952-1901,29841
female,Marietta,JeniferDSoria@rhyta.com,Linseece,45,de0Pah5Ch,770-272-5174,30067
male,Duluth,SeanOHildebrandt@rhyta.com,Meren1977,44,eig4Teolot,770-497-0033,30136
male,Atlanta,ForrestWGreen@gustr.com,Drinnera1977,44,eJepai8th,404-704-5382,30303
male,Atlanta,BillLGendreau@gustr.com,Mitallock,53,eeNoe9ifoW3,678-749-5588,30303
male,Atlanta,StantonADotson@einrot.com,Opurnerly,22,zei8Wesh,404-649-1511,30305
male,Savannah,EliECohen@armyspy.com,Replignigh1967,54,ooViena3aph,912-675-2262,31405
female,Lake Mary,MaryAShake@teleworm.us,Sincen,48,teeXe3ooch3,321-652-5673,32746
male,Boca Raton,RolandoSRodriguez@dayrep.com,Therseld,78,Eik3aiFeeph,561-862-8257,33487
male,Tampa,EdgarCParker@jourrapide.com,Hunitesige,30,Ooc8daiG,863-535-6536,33602
female,Winter Haven,AliceRKim@superrito.com,Thatereping,30,Hei5OuB6xee,863-860-4033,33830
male,Polk City,JeffreyBMartinez@armyspy.com,Sandemnotim,28,na7ohb7De,863-512-9427,33868
male,Fort Myers,HowardVStern@teleworm.us,Pernedge71,50,ti3Jahvei,239-738-7183,33901
female,Huntsville,AmandaEShepard@jourrapide.com,Frittlefore,58,nea2Quae3a,256-536-7053,35801
female,Spanish Fort,KalaPPirkle@teleworm.us,Sant1951,71,jie6ohH7Aer,251-447-3109,36527
male,Mount Juliet,WalterMAtkins@jourrapide.com,Beirinked,49,ow6eLili9boo,615-758-4747,37122
male,Nashville,JamesMTilley@teleworm.us,Posinever,45,etaoChahv1ch,615-992-8881,37203
female,Chattanooga,TracyTDonis@einrot.com,Courpastruce,24,uag7du9Een,423-454-9870,37403
male,Knoxville,WilliamKDickerson@fleckens.hu,Formoush1999,22,ohYoomi5,423-200-6811,37917
female,Knoxville,TrishaELamm@superrito.com,Oushiney,53,roo9Hiew6ae,423-381-3203,37921
female,Memphis,SharonMBerthiaume@fleckens.hu,Aboomed,53,aiD8touk,901-797-2842,38118
male,Parsons,BrandonCSmith@cuvox.de,Pursho2003,19,taZ4xu9ae,731-847-4613,38363
male,Jackson,KennethMPedro@superrito.com,Arse1939,82,eethie5Ur,601-415-7065,39201
male,Gulfport,JamesCYoung@superrito.com,Scon1995,27,cheka9Jai,228-344-3878,39501
female,Louisville,PriscillaLOverbey@teleworm.us,Acrew1998,23,iegeaPay6ai,502-454-1704,40205
male,Winchester,RobertTBesser@jourrapide.com,Abightly,51,Thei2cha,606-604-3902,40391
female,Livingston,MarjoriePPelletier@jourrapide.com,Efolotervis58,63,Aemukecha7v,606-453-3079,40445
female,Paducah,NellieAKearney@armyspy.com,Upostionots,30,af9iepeihuH,270-892-5019,42001
male,Livermore,SammyHLepage@cuvox.de,Yound1999,22,ool4Ash6c,270-278-7377,42352
male,Columbus,GradyDBrunner@superrito.com,Twold1962,59,fieNai5m,614-415-9835,43219
male,Toledo,FernandoKRinehart@rhyta.com,Ineaskuld83,38,iB8xie9thee,419-308-8250,43602
male,Akron,RobertHZiolkowski@jourrapide.com,Movenciought,55,teidee0Kae,330-515-5217,44308
male,Akron,CurtisKKelly@cuvox.de,Notints,29,aifie4bieX,330-593-8725,44311
male,Sharonville,DavidMWalker@superrito.com,Facoure99,23,nae8Oaket7,513-289-6038,45241
male,Pendleton,ToddRBrennan@gustr.com,Sormthe,62,we3rubeiKoo,765-221-1214,46064
male,Indianapolis,TonyXHobby@cuvox.de,Twitanigived,27,boceis1oHae,317-484-9229,46241
female,Gary,DianeCHughes@jourrapide.com,Tinur1939,82,koh7ee3ahR,219-440-8907,46402
female,Elkhart,AliciaDPowell@teleworm.us,Boyeakes57,64,akiF5chah5Ee,574-821-2932,46516
female,Mishawaka,JennaJCates@einrot.com,Twongive,33,OoT9quuu6B,574-258-0271,46544
female,Liberty Center,VestaGSalisbury@rhyta.com,Sers1952,69,iBiopiy7o,260-694-9798,46766
male,Fort Wayne,RonLJohnson@gustr.com,Groply,52,aitahMae0D,260-502-2227,46804
male,Richmond,RonnieYHumphries@jourrapide.com,Sply1937,84,ongei2Ao,765-962-0270,47374
male,Richmond,GeraldARude@cuvox.de,Waystand,41,hoh3oSoosho,765-389-1355,47374
female,Evansville,FlorenceTRupp@armyspy.com,Qualis,62,Mooz1foh,812-422-4274,47708
male,Rockville,DonaldBReddy@superrito.com,Sans1982,40,viPhee8sh,765-569-5012,47872
female,Detroit,JulieLWortham@gustr.com,Hisaid1977,44,Eileicaif3O,734-635-9599,48219
male,Detroit,CoryLPecoraro@fleckens.hu,Heve1960,62,Goo0dahng,313-976-4141,48226
male,Saginaw,FranklinJFinch@jourrapide.com,Whisconce,27,eGheen0oax,989-293-7330,48607
female,Saginaw,BrendaCFrye@jourrapide.com,Sherp1995,27,sheePh1Yeep,989-210-2391,48607
male,White Pigeon,FrankSLambert@gustr.com,Arelithrous,72,iuVieyo7i,269-483-5768,49099
female,Urbandale,LatoyaCLefever@gustr.com,Vaterid77,45,aikoR8iefei,515-334-5318,50322
male,Urbandale,MelvinAOrnelas@einrot.com,Garlercurch,43,iexahzane3Ae,641-569-7262,50322
male,Fort Dodge,ThomasJCottrell@teleworm.us,Wintelpom45,77,Oof4caijaiTh,515-408-1958,50501
female,Storm Lake,JamieRLove@einrot.com,Notilen,71,iech4Shoolee,605-780-4314,50588
male,West Union,AnthonyAPhipps@rhyta.com,Ensiony,70,OHish9Mei9d,563-422-9350,52175
female,Davenport,ChristinaRBrown@fleckens.hu,Exual1964,57,Reghee2lei,563-663-8101,52801
male,Davenport,KentonMAguirre@superrito.com,Hics1952,70,yeiP4aeLa0ai,309-707-2734,52803
female,Milwaukee,GlendaLMcCall@teleworm.us,Oron1999,22,ieng8ooGh,414-236-3816,53202
female,Milwaukee,DorothyCThompson@cuvox.de,Exhaf1979,43,Oox3eel9ooD,414-465-3665,53218
female,Golden Valley,MarthaAWilson@armyspy.com,Alinst71,50,NeTee9Quoo,651-201-3550,55427
female,Harvey,MaryLHardy@dayrep.com,Gloseloth,59,ohs4ohziNoo,701-324-4980,58341
male,Morton Grove,DavidKSkidmore@rhyta.com,Vorcy1995,26,aQuee0noh,847-965-6137,60053
male,Lombard,GregABurr@fleckens.hu,Infle1979,43,ooH2aek3,224-636-5259,60148
female,Roselle,IsabelJEmmett@dayrep.com,Cattell,38,OoTh7tohlea,630-924-2283,60172
female,Evanston,JanetCQuan@einrot.com,Whichisatur,50,yainaiB9zai,847-570-0951,60219
female,Oak Brook,HeatherWSchultz@teleworm.us,Herch1936,85,shoXohyoow6,630-368-0675,60523
female,Naperville,CathyRWhite@jourrapide.com,Baccerst1960,62,ahBu6eisea6,630-848-8567,60540
male,Chicago,GaryMPearson@fleckens.hu,Preacces,47,aili8eiPhae,773-596-0853,60605
male,Chicago,RobertHBeck@superrito.com,Nescrall,39,jaena7uNib,773-648-5876,60605
female,Chicago,JulianaGRudolph@teleworm.us,Maged1999,22,quai6Oongu,773-734-6004,60617
female,Chicago,PaulineJMurff@cuvox.de,Poned1946,75,Fee6jee4voh,224-616-4301,60631
male,Chicago,ScottENilsson@dayrep.com,Toply1953,68,aequei1Toho,847-414-6815,60631
female,Bloomington,EdnaLBryant@fleckens.hu,Opinsly,44,IPhah6koong,309-831-1646,61701
female,Manchester,DariaGPride@superrito.com,Indich,39,Ay2Vo3xie,573-578-2640,63011
female,Hazelwood,MarthaRBerlin@einrot.com,Whypeor37,84,tae9ooquaeX,314-409-2404,63042
female,Stlouis,KathleenALeon@gustr.com,Witionothe,69,theexoh3eeR,618-604-4975,63101
male,Saint Louis,JasonEJohnson@armyspy.com,Whiseas,38,RaeMahqu6dooGh,636-841-6519,63146
male,Excelsior Springs,AnthonyBVilla@cuvox.de,Wely2003,19,ooyie5Mee,816-637-4735,64024
female,Collins,NataliaFJackson@superrito.com,Upossuck,61,uCh7xushah,417-275-3842,64738
male,Linwood,NicholasEYoder@cuvox.de,Sainigh,27,vo6Eo4cu9,913-723-2716,66052
male,Arma,KevinJBenton@superrito.com,Herseept,33,ohraiZ4Oo,417-639-8320,66712
male,Wichita,PaulJCowley@armyspy.com,Begazy,24,cho6uCh6ch,620-652-1889,67202
female,Wichita,AugustinaCRego@gustr.com,Acen1949,72,pheeh2eLooz,316-973-3485,67202
male,Liberty,BrandonEHo@gustr.com,Milhe1957,65,ohH9caothee,402-696-3797,68381
male,Axtell,RaymondAJoseph@jourrapide.com,Turzartur45,76,Xex5Cah9h,308-743-2673,68924
male,Lewellen,StephenSLove@cuvox.de,Patents,78,eiyoov4Thoh,308-778-5467,69147
female,Monroe,AngiePGraham@gustr.com,Olesest,62,Io7Goongega,318-807-4169,71201
female,Fayetteville,MelodyDWebb@cuvox.de,Malloffe51,70,Iesiweepooj1,479-715-7445,72701
male,Gateway,JohnTGiambrone@armyspy.com,Hicall,71,va8Aen6thei,479-656-0466,72733
female,Oklahoma City,MinnieCTrader@teleworm.us,Diguest,69,quaiL4leiSh,580-741-2136,73109
male,Oklahoma City,MelvinKHolmes@superrito.com,Thatiand,77,airei0Xa3no,405-361-3152,73128
male,Thomas,GeneKWade@superrito.com,Froma1961,60,IBeeNg5xah,580-661-2137,73669
male,Tulsa,LeonTMarceau@superrito.com,Ourty1956,66,sheL5ahheo8r,918-908-1877,74120
male,Prague,EricSKrehbiel@cuvox.de,Banstal,85,xun8hahJom,405-567-2671,74864
female,Grand Prairie,ImogeneAMeyers@jourrapide.com,Quisging,30,Eej5muZae,972-504-4936,75050
female,Dallas,RuthJRider@rhyta.com,Therect,63,SaiG0eeng,214-640-2042,75247
male,Cedar Hill,RaymondBRoman@dayrep.com,Prattaking,65,woh0eeDie5,469-272-4191,75253
female,Alto,MichelleMWilson@cuvox.de,Turydestand,55,Ou9Eewei9oo,936-858-1377,75925
female,Fort Worth,BeatriceJPerson@teleworm.us,Hatmarat,51,eipe9Cheiz,817-686-6463,76102
male,Wichita Falls,ScottKHamby@einrot.com,Oved1952,70,gu5aegie6Ph,940-235-2636,76301
male,Houston,CalebMRodriguez@superrito.com,Boble1938,83,Ied8eyai,832-978-7843,77032
male,Beaumont,StephenAGreen@rhyta.com,Threar,37,uc0ohx7Die,409-227-3110,77701
female,San Antonio,EdnaEThomas@dayrep.com,Deave1992,29,OoPo9iac,210-883-1304,78202
male,Kyle,HectorCKing@superrito.com,Wisess,61,ShuPhoi8cah,512-268-3177,78640
female,Sanford,DoloresJAdams@cuvox.de,Finece,22,Maiki5zaum1,806-865-5972,79036
male,Pampa,JimmyNJohnson@rhyta.com,Sailve90,31,Iyeinae3eeth,806-255-9263,79065
female,Denver,EleanorLRainbolt@fleckens.hu,Gamention,39,aipo8OMohqu,720-629-7729,80239
female,Boise,MartinaAPeterson@cuvox.de,Thaverse,85,Iech8IJoo7,208-977-5758,83702
male,West Valley City,TylerKSolomon@cuvox.de,Abled1993,28,Phiet6Moh8,435-771-7713,84119
female,Phoenix,BonnieCAston@cuvox.de,Monertafte91,30,teelaeG7Ai,602-957-8935,85018
female,Phoenix,MariaMTreadwell@dayrep.com,Dureal,74,Ap4ooP4Ai,602-658-1800,85040
female,Black Mesa,BethTTravis@rhyta.com,Weenbut,40,dah7Hahsh,928-677-7661,86033
female,Columbus,PhyllisCMullinax@rhyta.com,Cuble1948,73,Dohbea0Ji,505-549-4423,88029
female,Los Angeles,AmberSGlade@armyspy.com,Upcome,48,eeng8Oo6ou,818-417-2296,90017
male,Los Angeles,RobertASimpson@cuvox.de,Beyea1999,22,Thei8hadiez,661-216-3390,90017
male,Los Angeles,FreddieEYu@jourrapide.com,Timet1986,35,UChaije4oo,818-412-2190,90017
female,Gardena,LeticiaRWilliams@cuvox.de,Jent1999,22,Eis5HieTh,714-947-4576,90247
female,Bellflower,MichelleRBixby@cuvox.de,Anot1981,41,eat4Kaht4K,213-632-3104,90706
female,Long Beach,PaulineJStevenson@fleckens.hu,Sulighte,69,Ab4aev2y,626-638-1562,90802
male,Newhall,RichardSJuergens@einrot.com,Famess,41,Ief5va7ua4,661-284-7724,91321
female,Pomona,PamelaFTucker@teleworm.us,Eveng1987,34,aethuaNg5ai,626-820-4340,91766
female,San Diego,ChantelleJShepard@jourrapide.com,Uplas1979,43,Ui5thi0e,619-301-6432,92117
female,Palm Springs,StephanieMChang@einrot.com,Youb1978,43,aeCeep4m,760-449-7257,92262
male,Riverside,DonAHobbs@fleckens.hu,Feweake,64,RaithieB8ah,951-288-6455,92501
female,San Clemente,JenniferKFarmer@cuvox.de,Thavends50,71,oujai4jeeHie,949-366-8465,92672
male,Santa Ana,DavidJWalker@cuvox.de,Hustry,74,Taevied3ye,213-471-3552,92705
female,Irvine,YangDCyrus@teleworm.us,Befull1953,68,hooj6Aichee,949-476-7509,92714
male,Irvine,JeffreyLSalazar@cuvox.de,Teen1976,45,oodae7Lei4,949-260-8049,92714
female,Anaheim,TammyMKing@superrito.com,Nexplas,24,uGheequu4ush,323-206-2549,92801
male,Bakersfield,EdwardKWhite@jourrapide.com,Extriveromen1946,75,Oe0Eiw9th,661-817-2890,93307
female,Fresno,LeticiaBWilliams@fleckens.hu,Anscialtat,37,iex0Kohg,559-252-7098,93702
female,Fresno,CecilleMSeal@gustr.com,Phoonew,63,aepaiK3Jep,559-488-7428,93721
female,San Bruno,WandaJBrantley@einrot.com,Wasuffeen41,80,teuth0Zee,650-615-9799,94066
female,San Francisco,JaneRCard@armyspy.com,Neques1986,35,QuaehooNg1,925-233-4064,94107
male,San Francisco,KevinDPankratz@teleworm.us,Hopentionet55,66,aiZie4yaic,650-759-8004,94107
male,Dublin,MatthewKMillard@einrot.com,Agnight,63,zae7IRaeX,415-729-6772,94568
male,Stockton,HowardSHolt@armyspy.com,Prepition,81,SokeiNiez4,209-975-6847,95204
female,Sacramento,LaurieFCollins@dayrep.com,Yoully,32,Quoow9aet,916-951-6704,95814
male,Honolulu,RaymondMLoza@teleworm.us,Faturis,84,Vue5oocai,808-946-5928,96826
male,Portland,EdwardPLoewen@armyspy.com,Barthat,19,ua6Aquae,360-816-6028,97218
male,Eugene,ZaneSDavis@gustr.com,Andeverien37,84,huz3zaeTh2,541-520-1316,97402
female,Bothell,SaraKLegrand@cuvox.de,Appremuch,58,Ahkah1Eil3p,425-402-6266,98021
female,Tukwila,JamieRAlvarez@gustr.com,Tractinglery1988,33,cho3veiChai,253-345-5682,98168
male,Cashmere,StephenKKelleher@cuvox.de,Weravinut1948,73,Ebuoghar4se,509-782-5924,98815